{
    "a": ["bottom_left", "bottom_right", "center", "top_left"],
    "b": ["bottom_left", "top_left"],
    "c": ["bottom_right", "top_right"],
    "d": ["bottom_left", "bottom_right", "center", "top_right"],
    "e": ["bottom_left", "bottom_right", "center", "top_left", "top_right"],
    "f": ["bottom_left", "center"],
    "g": ["bottom_left", "center", "top_left"],
    "h": ["bottom_right", "center", "top_right"],
    "i": ["bottom_left", "bottom_right", "top_left"],
    "j": ["bottom_right", "center"],
    "k": ["center", "top_left", "top_right"],
    "l": ["bottom_left", "center", "top_right"],
    "m": ["bottom_left", "top_left", "top_right"],
    "n": ["bottom_left", "bottom_right", "top_left", "top_right"],
    "o": ["bottom_right", "center", "top_left"],
    "p": ["bottom_left", "top_right"],
    "q": ["bottom_left", "bottom_right"],
    "r": ["bottom_left", "center", "top_left", "top_right"],
    "s": ["bottom_right", "top_left", "top_right"],
    "t": ["bottom_right", "center", "top_left", "top_right"],
    "u": ["bottom_left", "bottom_right", "center"],
    "v": ["bottom_left", "bottom_right", "top_right"],
    "w": ["bottom_right", "top_left"],
    "x": ["top_left", "top_right"],
    "y": ["center", "top_left"],
    "z": ["center", "top_right"]
}
